chromosome	position	reference	Q_CFW-SW/100.0r	Q_CFW-SW/10.0b	Q_CFW-SW/10.0c	Q_CFW-SW/10.0d	Q_CFW-SW/10.0f
chr11	3200246	G	0.273300189575733	0.40800599902265	0.388036943157901	-3.60911207499969	0.380973270607948
chr11	3205355	T	0.280689918076615	0.399055619441021	0.384006363205585	-3.5451573987046	0.372824414580846
chr11	3218908	A	0.307062576973852	0.372806762390155	0.367213840948364	-3.5468236031313	0.352807056943788
chr11	3414044	A	-0.353840876412629	-0.323860829550316	-0.345203521626281	3.61007798622802	-0.317688140632503
chr11	3460427	C	-0.34189960970909	-0.329970679812637	-0.333164574295336	3.66404668869788	-0.315444848331467
chr11	3462290	A	-0.351366021093681	-0.32302501965788	-0.343020719379769	3.66987738043251	-0.310135785834132
chr11	3462323	A	-0.34951153933483	-0.324446879665144	-0.341082609585658	3.66748937506977	-0.311146399273926
chr11	3462325	T	-0.35007932032092	-0.324007613062728	-0.341674104632356	3.66822265639616	-0.310827361824498
chr11	3462348	T	-0.355133836748911	-0.320025715531688	-0.34692123594756	3.6751249618842	-0.307880632621085
chr11	3464016	A	-0.345540050925856	-0.327859457272304	-0.336923187384475	3.66005717142253	-0.313759030562975
chr11	3554197	C	0.349195522437229	0.339562740018333	0.32888046547012	-3.53165788025757	0.308582798918548
chr11	3558414	C	-0.368596535204011	-0.32971823409799	-0.350492133077708	3.52873756456377	-0.299310462490543
chr11	3619052	G	-0.345262647574132	-0.314218236304554	-0.334623442921725	2.91312390912996	-0.288386307638155
chr11	3883306	G	-0.301609245644665	-0.283633748252153	-0.278595346107755	-0.25293074311511	-0.314943931753583
chr11	4017210	G	-0.364308897641382	-0.295759990400054	-0.302570478633098	-0.418322458392979	-0.380848853175393
chr11	4017211	A	-0.367302458064874	-0.298712881803873	-0.30553829982795	-0.40641450823471	-0.377569972709505
chr11	4017223	C	-0.381228663046863	-0.312452486118316	-0.319353819124665	-0.35091132957833	-0.362264800162732
chr11	4017385	G	-0.366460165274516	-0.298240578787472	-0.304790957468677	-0.399777511115523	-0.374558208469803
chr11	4022004	A	-0.369182462360291	-0.299980427987353	-0.307015913939399	-0.404549717393501	-0.377406229738134
chr11	4024616	T	-0.750236317893038	-0.739720022866375	-0.749641708634414	2.9890621674292	0.835545883611644
chr11	4110988	C	0.791589027356818	0.780987795875063	0.782145872472891	-2.88360163497047	-1.03803922241801
chr11	4124677	C	0.788155101470556	0.780038473294948	0.780650721482088	-2.72049567411853	-0.95681951059485
chr11	4139413	C	-0.721025761323742	-0.720704709574943	-0.720679049471955	2.89045387830913	1.08398712550569
chr11	4139426	G	-0.717075475461724	-0.71708583206747	-0.717088907280442	2.88981358026929	1.08620944458684
chr11	4140742	A	-0.717378098625036	-0.717371515236838	-0.7173730451823	2.88832418681215	1.08530144101229
chr11	4141532	T	-0.71867548129138	-0.718654305663829	-0.718664737298319	2.87419921785572	1.07762331573882
chr11	4141701	C	-0.717268309565667	-0.717262009791476	-0.717260287793109	2.88918659525958	1.08582703898261
chr11	4141949	G	-0.71881345511603	-0.718789631779658	-0.718799621081045	2.87264253554694	1.07679224810723
chr11	4142088	T	-0.717777684875332	-0.717804884846722	-0.717814044797612	2.8782980689549	1.08022232142411
chr11	4142629	A	-0.717457404338395	-0.717446724896496	-0.717443149676531	2.88771115670962	1.0850314903278
chr11	4142987	C	-0.721593769349129	-0.721527537748236	-0.721580893841548	2.79882817388938	1.03857269966437
chr11	4143502	C	-0.717685305697729	-0.71766000632456	-0.717656063058027	2.88688620026116	1.08452543407147
chr11	4143779	A	-0.717081934254204	-0.717091314765561	-0.717088860228612	2.88870440045524	1.08581923664653
chr11	4143838	C	-0.71696208207964	-0.716979024981229	-0.716977003473729	2.88896794078815	1.08602997917029
chr11	4143850	G	-0.717364024433494	-0.717355465537283	-0.717352048894428	2.88803222908739	1.08531900098848
chr11	4144873	A	-0.717419901546211	-0.717435535894242	-0.717437269186105	2.88378252873857	1.08321441057346
chr11	4146736	T	-0.719038774845913	-0.719042499407569	-0.71905601810198	2.86298243957742	1.07201125701421
chr11	4147532	A	-0.718754385323127	-0.718736427283246	-0.718742597859523	2.87140218415619	1.07631282706492
chr11	4147579	A	-0.718167309630953	-0.718167349431314	-0.718172058223721	2.87632126500059	1.07909119528847
chr11	4148004	G	-0.716955710935223	-0.716975839967056	-0.716975493484178	2.88743799054029	1.08527576294332
chr11	4148006	G	-0.717012866208498	-0.717021489579669	-0.717019630132246	2.88833868665708	1.08567586749019
chr11	4149618	A	-0.717150627430116	-0.717157421610749	-0.717157009923058	2.8867865057943	1.08483063690114
chr11	4151366	G	-0.712017147171256	-0.711926942078964	-0.71202268260423	2.5804312637821	0.934290908394384
chr11	4151391	T	-0.712108138510638	-0.712024649609209	-0.712120233485793	2.58261844746438	0.935349487641854
chr11	4151936	G	-0.717278519286375	-0.717281901385338	-0.717282170698569	2.88543094475214	1.08408536503565
chr11	4156606	C	-0.712381927691577	-0.712285160147017	-0.712345626346868	2.57879560757835	0.93321018648197
chr11	4156658	A	-0.712474013797899	-0.712369178068588	-0.712428592198892	2.57861128863935	0.933056491320642
chr11	4156678	T	-0.71240139365491	-0.712303217898695	-0.712362976228346	2.57874367694395	0.93317092008412
chr11	4157061	A	-0.716181541744624	-0.716254714100172	-0.71626067093786	2.88662643151212	1.08535781281648
chr11	4157575	C	-0.717245616080851	-0.717168825095461	-0.717215795442418	2.65162124133709	0.967191134329222
chr11	4157625	A	-0.712445154051802	-0.712350250950781	-0.712407524030069	2.57959683789123	0.933577919181811
chr11	4157692	A	-0.71237927626689	-0.712280877824551	-0.712337921151868	2.57815994946314	0.932886266599963
chr11	4157786	A	-0.712446170661849	-0.712349789239919	-0.712406582308616	2.57927493050048	0.933413063745811
chr11	4157829	T	-0.712568134518748	-0.712471187058249	-0.712527601099111	2.58070620077222	0.934065833543157
chr11	4157846	G	-0.712016142932823	-0.711918169612636	-0.711975563324644	2.57356442314466	0.930771977949398
chr11	4158681	A	-0.711712320335754	-0.711612384203846	-0.711667287155113	2.56876009217685	0.928516191782778
chr11	4159249	A	-0.717566806255131	-0.717555780939585	-0.71755569156534	2.88302791235509	1.08271277026845
chr11	4159512	C	-0.712425357536275	-0.712328781490906	-0.712379697906344	2.57742749530188	0.932492836688891
chr11	4159576	G	-0.718128166067473	-0.718055960951424	-0.718095379199567	2.6659259913807	0.973897199030881
chr11	4160767	C	-0.717343471743697	-0.717331690510972	-0.717330749138428	2.88523946993203	1.0839265781886
chr11	4161449	A	-0.720869648976225	-0.720828395169951	-0.720855467073699	2.73869166494309	1.00893020476507
chr11	4163009	A	-0.712280557963038	-0.712167308526789	-0.712209128499338	2.57127731002798	0.929458173801426
chr11	4164110	C	-0.71709698655349	-0.717103640959805	-0.717103956233889	2.88498851423058	1.08395890640182
chr11	4165583	A	-0.719055715133354	-0.718994181154968	-0.719020456240722	2.6835196864437	0.982236416521259
chr11	4166188	A	-0.71729089411237	-0.717288901434109	-0.717288588416147	2.88397919830094	1.08334152935431
chr11	4169047	G	-0.717337774913345	-0.717436624843495	-0.71744738921125	2.86755301211144	1.07531368762044
chr11	4169344	C	-0.717230054607971	-0.717227736060948	-0.717227304566455	2.88443965725256	1.08360145417234
chr11	4173901	G	-0.718690686612783	-0.718643104391527	-0.718640319833106	2.87485912495425	1.07799750646428
chr11	4174384	C	-0.71743974231732	-0.717436684369769	-0.71743661699114	2.88220347030274	1.08237749849698
chr11	4177048	A	-0.717383006449803	-0.717393177645359	-0.717394286743036	2.88097739856321	1.08181925323612
chr11	4178320	C	-0.712747339178017	-0.712672194698979	-0.712682443988201	2.57657761466456	0.93191499142759
chr11	4178518	T	-0.71732537663997	-0.717323584827982	-0.717323478586357	2.88335756745339	1.08301237428561
chr11	4183635	G	-0.721123967376422	-0.721095312833845	-0.721091957912681	2.82930384084224	1.05406368987634
chr11	4185242	C	-0.717349471077893	-0.717353381489876	-0.717353181833496	2.88249790880504	1.08258363011444
chr11	4209116	C	-0.716876103552173	-0.716919797325012	-0.71692287926691	2.88085528513294	1.08209860776783
chr11	4211694	C	-0.721376916635767	-0.721363350914918	-0.72133514383125	2.81880910363217	1.04870635558847
chr11	4228604	T	-0.717999131199443	-0.718007045958692	-0.718000109331999	2.87461432175925	1.07832735167847
chr11	4229176	C	-0.717439896423496	-0.717436124112592	-0.717434256269404	2.88220556903793	1.08237474593719
chr11	4229195	T	-0.717323477024864	-0.717328515173455	-0.717327238729801	2.88201650422164	1.08236064259535
chr11	4230918	G	-0.717489888715877	-0.717495165003928	-0.717492121270156	2.88039760722138	1.08146739632723
chr11	4237235	A	-0.72171489597185	-0.721725322676371	-0.721651959123584	2.80386675561805	1.0410676196384
chr11	4238100	A	-0.721762510813849	-0.721768610346767	-0.721694930092209	2.80514221912702	1.0416707481279
chr11	4246351	T	-0.719265749124473	-0.71932708399948	-0.71929142137096	2.84695484734137	1.06399508459895
chr11	4246985	C	-0.721816258412615	-0.721828444589668	-0.721743924161626	2.80086360108706	1.03951760677501
chr11	4261375	C	-0.717597702765546	-0.717590336785481	-0.717587733677899	2.88230064816451	1.08233110947965
chr11	4273327	A	-0.717537878801572	-0.717541414640467	-0.717538290533315	2.8838500136995	1.08317374830145
chr11	4283717	C	0.724926084203377	0.72525613695486	0.724917882128083	-2.98355461201417	-1.12983121444587
chr11	4284110	A	0.706726760578703	0.706821270369445	0.706705521359908	-2.98068242520193	-1.13757808698804
chr11	4285090	T	0.703382470543293	0.703008130041181	0.703040717013211	-2.88647038822882	-1.09250637666818
chr11	4286016	T	0.699647740979873	0.69969455525308	0.699694109037913	-2.96273608057672	-1.13151780333308
chr11	4288936	T	0.704010346091626	0.703974057060578	0.704119805248199	-2.82471231392357	-1.06104334599837
chr11	4301371	G	0.69944464302069	0.69958332034488	0.699604186443871	-2.96401128668677	-1.13232383774555
chr11	4310171	G	0.699693513510634	0.699621195744159	0.699632850004537	-2.96038253425801	-1.13081545453412
chr11	4330042	T	0.703503512512365	0.703555382703862	0.703658153294166	-2.87249925843681	-1.08530003126304
chr11	4908477	T	3.3681044269404	-0.293675470333168	-0.293422447334108	-0.293827451123246	-0.293726112866148
chr11	4941705	T	3.32978949842817	-0.298338089041471	-0.298158082651128	-0.291667308295633	-0.292380597639822
chr11	4944016	A	3.32740825317296	-0.294498419890928	-0.294495312215775	-0.294354134318934	-0.294371410421637
chr11	4945582	T	3.32731874012395	-0.294508490258503	-0.294506985206978	-0.294360183936457	-0.294378066461694
chr11	4949541	A	3.32672017621882	-0.294095390998417	-0.294442401235696	-0.294795953134796	-0.294773374918677
chr11	4971995	G	3.32405396555241	-0.295176797684167	-0.295356327427761	-0.295835838722046	-0.295790903677773
