chromosome	position	reference	Q_CFW-SW/100.0g	Q_CFW-SW/100.0h	Q_CFW-SW/100.0i	Q_CFW-SW/100.0j	Q_CFW-SW/100.0l
chr11	3200246	G	0.383616576247107	0.390125682594401	0.241142308088412	-0.141772996641782	0.362892864828694
chr11	3205355	T	0.375073489872155	0.380632146798203	0.203376806089583	-0.0999719634921936	0.353933391663676
chr11	3218908	A	0.357590971950098	0.344852506904113	0.121533659584002	-0.0345500189289047	0.329359294582954
chr11	3414044	A	-0.297625998858143	-0.338998672708495	1.03349026287694	-0.266467848038023	-0.300493353755686
chr11	3460427	C	-0.279109477971367	-0.345633809663032	1.32934188646132	-0.296077847107979	-0.303187541708913
chr11	3462290	A	-0.284146776645278	-0.333097438333669	1.39281606571122	-0.285554427109988	-0.305564550289791
chr11	3462323	A	-0.283151046629469	-0.335701857915545	1.38962782547228	-0.287336116602551	-0.305068633092416
chr11	3462325	T	-0.283465934140006	-0.334912059336835	1.3909007405928	-0.286727149318674	-0.3052103420801
chr11	3462348	T	-0.286371536515999	-0.327901714856046	1.40313014104108	-0.280698050625554	-0.306368181642626
chr11	3464016	A	-0.280502083101727	-0.341288092713744	1.37569555856294	-0.293728882842792	-0.304448719198404
chr11	3554197	C	0.270535839533574	0.340901077292647	-0.562204930817884	0.308163073358828	0.289550343041191
chr11	3558414	C	-0.285955392355446	-0.323890051511312	0.58330945326917	-0.280466418984155	-0.292258909445174
chr11	3619052	G	-0.250813549250338	-0.316637237109389	0.213257702011915	-0.327849823292456	-0.28381705633529
chr11	3883306	G	-0.250368424406487	-0.000787599643351723	-0.219907728232382	-0.310449961633089	-0.224695639022131
chr11	4017210	G	-0.321253931163464	0.214964722966067	-0.374235245519402	-0.396012785619497	-0.264058337518196
chr11	4017211	A	-0.324100679071663	0.21247623448891	-0.362366407599889	-0.391554319936119	-0.26097849704322
chr11	4017223	C	-0.337339889766622	0.2008610581185	-0.307054231003919	-0.370755114355154	-0.246621221778466
chr11	4017385	G	-0.323646944933948	0.210824191015001	-0.35574673240178	-0.387934177075937	-0.258155489356695
chr11	4022004	A	-0.325916620504093	0.214061002226397	-0.360399090767313	-0.390887432528943	-0.260713402940014
chr11	4024616	T	-0.708326237232603	-0.635774680964677	2.97223471108513	1.12290597993798	0.771205273012702
chr11	4110988	C	0.794263735202806	0.612540489290379	-2.87911926131305	-1.03817952523414	-0.98496038930413
chr11	4124677	C	0.794997047863346	0.613543537880487	-2.71808926089727	-0.957508995627821	-0.942599601456796
chr11	4139413	C	-0.721556748876422	-0.711915511289775	2.89024108929464	1.08400410541963	1.06529070276269
chr11	4139426	G	-0.716964425177992	-0.717158274525663	2.88959871772076	1.08619809205446	1.06516940633748
chr11	4140742	A	-0.71731381261391	-0.717025125896137	2.88812442805355	1.08528451258369	1.0650601775945
chr11	4141532	T	-0.718576140916844	-0.717620399510993	2.87400067519673	1.07758122182603	1.05791732817835
chr11	4141701	C	-0.717218048534353	-0.71694813919293	2.88898748993161	1.08577511543377	1.06604167215015
chr11	4141949	G	-0.718717611756608	-0.717637933485739	2.87244790619283	1.07673554588031	1.05731385751285
chr11	4142088	T	-0.717612041959347	-0.718144238495087	2.87810360843022	1.08015517747386	1.06042548242106
chr11	4142629	A	-0.717421447203123	-0.716929781014776	2.88752321370747	1.08494660627168	1.06573793436146
chr11	4142987	C	-0.721291192520032	-0.717758162675425	2.79865591297206	1.03849260013465	1.0202161198485
chr11	4143502	C	-0.717681819867129	-0.716734463515489	2.88671051031651	1.08442167425662	1.06574964898103
chr11	4143779	A	-0.717021725002557	-0.717150961928068	2.88853263292144	1.08569679204271	1.06690517200453
chr11	4143838	C	-0.716888795331765	-0.717250627461639	2.88879713519424	1.08590278578215	1.06708480655377
chr11	4143850	G	-0.717336376851628	-0.716912608816512	2.88786189818123	1.08519403182514	1.06656638938759
chr11	4144873	A	-0.717332123476735	-0.717560371888026	2.88363118092177	1.08312913032546	1.0648339332552
chr11	4146736	T	-0.718899947202082	-0.718349739584592	2.86286759978165	1.0720039951977	1.05476668843312
chr11	4147532	A	-0.718702250299825	-0.717654491551876	2.87130150117443	1.07632597804881	1.05960562312089
chr11	4147579	A	-0.718100295177836	-0.717704460093258	2.87622097967956	1.07910227627647	1.06225726224147
chr11	4148004	G	-0.716898325800812	-0.717365240963024	2.88734465231249	1.08528393469688	1.06847056331172
chr11	4148006	G	-0.716982674516976	-0.717119564989906	2.88824532422472	1.08568504404763	1.06895208597394
chr11	4149618	A	-0.71712068273239	-0.717191262758588	2.88670845495274	1.08483909222303	1.06895868045173
chr11	4151366	G	-0.711349180887911	-0.703310101691335	2.58038605346508	0.934318105175397	0.921385034155977
chr11	4151391	T	-0.711431334811546	-0.703621947971023	2.5825733298154	0.935375959424285	0.922396644227618
chr11	4151936	G	-0.717254782174241	-0.717219193351571	2.88537243923832	1.08409188324199	1.06972206758211
chr11	4156606	C	-0.711825138155183	-0.702569916340691	2.57877151396026	0.933232525156253	0.92653638058325
chr11	4156658	A	-0.711934799338435	-0.702415012130062	2.5785874170406	0.933079626754004	0.926541472707125
chr11	4156678	T	-0.711848784202598	-0.702535674923363	2.57871987514889	0.933193403319182	0.926643035036392
chr11	4157061	A	-0.716022465343965	-0.718253155448251	2.88659310963664	1.08535549065799	1.07736328415202
chr11	4157575	C	-0.716791924223697	-0.709270323123059	2.65159893505205	0.967209701074789	0.961973613473302
chr11	4157625	A	-0.711893401532164	-0.702673284882258	2.57957681375592	0.933599502802441	0.928766103716853
chr11	4157692	A	-0.711832853509519	-0.702479508676306	2.57814023644535	0.932908033478814	0.928227541350892
chr11	4157786	A	-0.711898344374543	-0.702620786953375	2.57925556286317	0.933434355812729	0.928909958561663
chr11	4157829	T	-0.712024472954989	-0.702748647406712	2.58068697068347	0.934087039588861	0.929642971892531
chr11	4157846	G	-0.711461999266016	-0.702046945944083	2.57354545626567	0.930793358484555	0.926404422969496
chr11	4158681	A	-0.711161670423075	-0.701577371012367	2.56874468648766	0.928534884815472	0.925725007699895
chr11	4159249	A	-0.717575834837098	-0.717085057357569	2.883005938081	1.08271714935496	1.07985310674317
chr11	4159512	C	-0.711890686440358	-0.702506242330081	2.57741533434016	0.932507548721586	0.931219889959788
chr11	4159576	G	-0.717708578825982	-0.710511764778939	2.66591203120013	0.973908743422154	0.972454092154726
chr11	4160767	C	-0.717364551888204	-0.716935050875285	2.8852228999725	1.08392947282117	1.08310611331304
chr11	4161449	A	-0.720547887789521	-0.715661446252497	2.73868087224177	1.00893167085419	1.00846824695171
chr11	4163009	A	-0.711795634162496	-0.701747793410623	2.57127147958659	0.929455711252393	0.929667331954513
chr11	4164110	C	-0.717080182565329	-0.717251753241397	2.88497829364404	1.08395788407388	1.08306028664187
chr11	4165583	A	-0.718676600704793	-0.712072357466983	2.68351481062555	0.982231929381693	0.9820888694785
chr11	4166188	A	-0.717290424194273	-0.717166884168875	2.88397156172456	1.08334137617624	1.08265592344442
chr11	4169047	G	-0.71705757878157	-0.719737278539534	2.86754808741409	1.07530217132714	1.07419877045897
chr11	4169344	C	-0.717232765379361	-0.717133345158529	2.88443478102522	1.08360155463521	1.08328968401045
chr11	4173901	G	-0.718766861564357	-0.716905475129918	2.87485584388553	1.078002300837	1.07818570619864
chr11	4174384	C	-0.717438274598573	-0.717275836908286	2.88220014761525	1.08237846168767	1.08220165314304
chr11	4177048	A	-0.717347334844461	-0.717597046033628	2.88097404302485	1.08181967823945	1.08159645331443
chr11	4178320	C	-0.712233181860265	-0.703179723874624	2.57657597871064	0.931906518157147	0.933223481783366
chr11	4178518	T	-0.717326459047845	-0.717257419758116	2.88335422612868	1.08301383234645	1.08290633604744
chr11	4183635	G	-0.721033667822536	-0.718476609788881	2.82930100491036	1.05406486830698	1.05455206412736
chr11	4185242	C	-0.71733692314724	-0.717461439015774	2.88249465178	1.08258282569751	1.082537688528
chr11	4209116	C	-0.71675010893961	-0.718336545765704	2.8808525761229	1.08208920441528	1.08172994359429
chr11	4211694	C	-0.721263304192377	-0.718675708271444	2.81880635668884	1.04871815994869	1.04965965686534
chr11	4228604	T	-0.717959556984021	-0.717946356951329	2.87461333510443	1.07833571967322	1.07840302933297
chr11	4229176	C	-0.717450890151168	-0.717303403586078	2.88220458101253	1.08235711313575	1.08240720849545
chr11	4229195	T	-0.717306915195991	-0.717502815175976	2.8820155173917	1.08234260263977	1.08232595292627
chr11	4230918	G	-0.717470037661791	-0.717597933465591	2.88039668917889	1.08145675069319	1.08268512789663
chr11	4237235	A	-0.721585568598009	-0.718657296256422	2.80386608278136	1.04155798012763	1.04649864227592
chr11	4238100	A	-0.721649325030304	-0.71858135273166	2.80514156548669	1.04218208899737	1.04744572656614
chr11	4246351	T	-0.719015467297836	-0.719946164583569	2.84695504055902	1.06434990292455	1.06993050808192
chr11	4246985	C	-0.721687442951938	-0.718582824627298	2.80086384619311	1.04034530403625	1.04700551836654
chr11	4261375	C	-0.717620370096185	-0.717294554120319	2.88230157976689	1.0823375409319	1.09085277781161
chr11	4273327	A	-0.717512613884891	-0.717646698622903	2.88384917757021	1.08318330990667	1.09251136695371
chr11	4283717	C	0.724647571332177	0.715023785403804	-2.98244332349933	-1.12549857487287	-1.13477872226363
chr11	4284110	A	0.706604557098413	0.70384245610807	-2.979722300481	-1.13457295594646	-1.13812281113844
chr11	4285090	T	0.702238472881068	0.705623907558537	-2.88620804853066	-1.11056331212039	-1.09309126755456
chr11	4286016	T	0.699738393381	0.698994878787967	-2.96261721660214	-1.13300772192703	-1.13170331100688
chr11	4288936	T	0.70366287777724	0.702672362735192	-2.82464038256282	-1.09235594832853	-1.06395453344797
chr11	4301371	G	0.699797285835999	0.69797748797702	-2.96384339307139	-1.13309050325763	-1.13255136349546
chr11	4310171	G	0.699515748302642	0.700004249261038	-2.96004593164658	-1.13251962157581	-1.13054269257906
chr11	4330042	T	0.703341497826339	0.702269244837533	-2.87170586241825	-1.10902175530288	-1.08736099376939
chr11	4908477	T	-0.29370883060349	-0.294250826618005	-0.29369277528157	-0.293947146530698	-0.294505867369212
chr11	4941705	T	-0.291077880217415	-0.293008497362856	-0.292472292904114	-0.291666243529161	-0.289279989445158
chr11	4944016	A	-0.294348233109177	-0.294381100326344	-0.294372741377866	-0.294356447049996	-0.294300447382071
chr11	4945582	T	-0.29435416786634	-0.294385081382357	-0.294378988995556	-0.294361729233626	-0.29430118946834
chr11	4949541	A	-0.295025630249071	-0.29406469820379	-0.294695445200188	-0.294610042844029	-0.2942099490129
chr11	4971995	G	-0.295974192460975	-0.295412167886594	-0.295745404206142	-0.295742110182873	-0.295658477641009
