chromosome	position	reference	Q_CFW-SW/100.0a	Q_CFW-SW/100.0c	Q_CFW-SW/100.0d	Q_CFW-SW/100.0e	Q_CFW-SW/100.0f	Q_CFW-SW/100.0g	Q_CFW-SW/100.0h	Q_CFW-SW/100.0i	Q_CFW-SW/100.0j	Q_CFW-SW/100.0l	Q_CFW-SW/100.0m	Q_CFW-SW/100.0n	Q_CFW-SW/100.0o	Q_CFW-SW/100.0p	Q_CFW-SW/100.0q	Q_CFW-SW/100.0r	Q_CFW-SW/10.0b	Q_CFW-SW/10.0c	Q_CFW-SW/10.0d	Q_CFW-SW/10.0f
chr11	3200246	G	0.404340350913046	0.365489689399841	0.33750793356448	-0.61395200437972	0.345174904067722	0.383616576247107	0.390125682594401	0.241142308088412	-0.141772996641782	0.362892864828694	-1.84350808471738	0.374208092217002	-0.582632615081028	0.414146883083756	-0.0555093645111274	0.273300189575733	0.40800599902265	0.388036943157901	-3.60911207499969	0.380973270607948
chr11	3205355	T	0.394987105657376	0.35453307569709	0.332471756307425	-0.54208027757228	0.343324333898662	0.375073489872155	0.380632146798203	0.203376806089583	-0.0999719634921936	0.353933391663676	-1.99661283674094	0.368105445669197	-0.4777836879161	0.408380317041571	-0.0767140555920759	0.280689918076615	0.399055619441021	0.384006363205585	-3.5451573987046	0.372824414580846
chr11	3218908	A	0.397705080141923	0.320700240397415	0.313382725346302	-0.449068127480659	0.326739022504782	0.357590971950098	0.344852506904113	0.121533659584002	-0.0345500189289047	0.329359294582954	-2.33412045722056	0.354845455496497	-0.221754186458724	0.37688160935603	-0.0873353962438486	0.307062576973852	0.372806762390155	0.367213840948364	-3.5468236031313	0.352807056943788
chr11	3414044	A	-0.361579008154982	-0.32795387825599	-0.323446333592792	0.0739601689419991	-0.271270680334543	-0.297625998858143	-0.338998672708495	1.03349026287694	-0.266467848038023	-0.300493353755686	3.51245963337861	-0.332732952233851	-0.260368948458097	-0.345777199760014	0.239006508234292	-0.353840876412629	-0.323860829550316	-0.345203521626281	3.61007798622802	-0.317688140632503
chr11	3460427	C	-0.340979351300409	-0.336325950006718	-0.334553623974394	0.0729549521797012	-0.265154308873433	-0.279109477971367	-0.345633809663032	1.32934188646132	-0.296077847107979	-0.303187541708913	3.5493159235483	-0.326143671678857	-0.286137560985184	-0.347171827095571	0.0509775683778137	-0.34189960970909	-0.329970679812637	-0.333164574295336	3.66404668869788	-0.315444848331467
chr11	3462290	A	-0.355221469767205	-0.328067448537757	-0.328668951446016	0.0912298930542378	-0.270819751612329	-0.284146776645278	-0.333097438333669	1.39281606571122	-0.285554427109988	-0.305564550289791	3.54191739984598	-0.330278187738722	-0.297414751116114	-0.347661240841835	0.0407926625699646	-0.351366021093681	-0.32302501965788	-0.343020719379769	3.66987738043251	-0.310135785834132
chr11	3462323	A	-0.352440624232632	-0.329617872220887	-0.329772701115188	0.0873704805556572	-0.269685434832184	-0.283151046629469	-0.335701857915545	1.38962782547228	-0.287336116602551	-0.305068633092416	3.54202609716041	-0.329429150422093	-0.295321184276607	-0.347588988136862	0.0418372942548184	-0.34951153933483	-0.324446879665144	-0.341082609585658	3.66748937506977	-0.311146399273926
chr11	3462325	T	-0.353300456379661	-0.32911947822467	-0.329412641077479	0.0885239651618082	-0.270032334637492	-0.283465934140006	-0.334912059336835	1.3909007405928	-0.286727149318674	-0.3052103420801	3.54194654721272	-0.329680540550692	-0.295970383493875	-0.347602919853075	0.0414319180765401	-0.35007932032092	-0.324007613062728	-0.341674104632356	3.66822265639616	-0.310827361824498
chr11	3462348	T	-0.361044882882896	-0.324436049677764	-0.325973209095911	0.0985892465567925	-0.273119974823716	-0.286371536515999	-0.327901714856046	1.40313014104108	-0.280698050625554	-0.306368181642626	3.5410198026307	-0.331834321458327	-0.301810465553364	-0.347627541508438	0.0371575925147564	-0.355133836748911	-0.320025715531688	-0.34692123594756	3.6751249618842	-0.307880632621085
chr11	3464016	A	-0.346073970909946	-0.334015765459618	-0.333075783575737	0.0799554710969547	-0.26721013934149	-0.280502083101727	-0.341288092713744	1.37569555856294	-0.293728882842792	-0.304448719198404	3.54303988709683	-0.32796097164538	-0.290644525405396	-0.34791516227301	0.046440227089294	-0.345540050925856	-0.327859457272304	-0.336923187384475	3.66005717142253	-0.313759030562975
chr11	3554197	C	0.339256066449687	0.33458925494892	0.0861980429861839	-0.133158198863667	0.25320270272905	0.270535839533574	0.340901077292647	-0.562204930817884	0.308163073358828	0.289550343041191	-3.48778299526233	0.322818181678957	0.321432222736126	0.33963450548457	0.0169936231514509	0.349195522437229	0.339562740018333	0.32888046547012	-3.53165788025757	0.308582798918548
chr11	3558414	C	-0.364769127125386	-0.317179281991931	0.0753865029953364	0.163908854195304	-0.264423491243529	-0.285955392355446	-0.323890051511312	0.58330945326917	-0.280466418984155	-0.292258909445174	3.36166120645191	-0.330542439419782	-0.342019598931388	-0.340706233078676	-0.0390880975698337	-0.368596535204011	-0.32971823409799	-0.350492133077708	3.52873756456377	-0.299310462490543
chr11	3619052	G	-0.339361290462528	-0.32689892361872	1.0859495071036	0.253414948153317	-0.242903802731994	-0.250813549250338	-0.316637237109389	0.213257702011915	-0.327849823292456	-0.28381705633529	1.71480446753335	-0.308896736315644	-0.33369718603669	-0.328843787084943	-0.0441698180746936	-0.345262647574132	-0.314218236304554	-0.334623442921725	2.91312390912996	-0.288386307638155
chr11	3883306	G	-0.320654363107113	-0.28442307144226	2.60427027794494	0.0663803369674368	-0.226954454185144	-0.250368424406487	-0.000787599643351723	-0.219907728232382	-0.310449961633089	-0.224695639022131	0.293753207518779	-0.30788807799174	-0.241177348193442	-0.331196873621534	-0.269796780190066	-0.301609245644665	-0.283633748252153	-0.278595346107755	-0.25293074311511	-0.314943931753583
chr11	4017210	G	-0.365493881020093	-0.360797055089526	1.54424144225306	-0.00866031976037186	-0.250610169922313	-0.321253931163464	0.214964722966067	-0.374235245519402	-0.396012785619497	-0.264058337518196	0.232157640497649	-0.350319993134813	-0.229595033127767	-0.404958489350945	-0.322595595252253	-0.364308897641382	-0.295759990400054	-0.302570478633098	-0.418322458392979	-0.380848853175393
chr11	4017211	A	-0.368479939875077	-0.35603030014705	1.54892400319321	-0.0106831589117853	-0.253455694132686	-0.324100679071663	0.21247623448891	-0.362366407599889	-0.391554319936119	-0.26097849704322	0.229506622193419	-0.353254342996848	-0.232477434068502	-0.400450240395758	-0.32556467152306	-0.367302458064874	-0.298712881803873	-0.30553829982795	-0.40641450823471	-0.377569972709505
chr11	4017223	C	-0.382369949580713	-0.333799751978308	1.57039008062983	-0.0200366849561665	-0.266706495562832	-0.337339889766622	0.2008610581185	-0.307054231003919	-0.370755114355154	-0.246621221778466	0.217081228832968	-0.366902543909585	-0.245908142579342	-0.379417775824552	-0.339356009763766	-0.381228663046863	-0.312452486118316	-0.319353819124665	-0.35091132957833	-0.362264800162732
chr11	4017385	G	-0.367664178074042	-0.352374080180602	1.55140108934044	-0.0140625707879549	-0.252866136074397	-0.323646944933948	0.210824191015001	-0.35574673240178	-0.387934177075937	-0.258155489356695	0.22949764365654	-0.352558955672201	-0.231739670999114	-0.3967854780241	-0.325755662775939	-0.366460165274516	-0.298240578787472	-0.304790957468677	-0.399777511115523	-0.374558208469803
chr11	4022004	A	-0.370206467116017	-0.355257223176256	1.54010984060545	-0.0114272215930868	-0.25479133204783	-0.325916620504093	0.214061002226397	-0.360399090767313	-0.390887432528943	-0.260713402940014	0.228160569443502	-0.354769943865309	-0.233206111125441	-0.399797967080931	-0.326554528659792	-0.369182462360291	-0.299980427987353	-0.307015913939399	-0.404549717393501	-0.377406229738134
chr11	4024616	T	-0.747342480345628	1.19709640714878	0.937040685126241	-0.44123422535196	-0.721110622692547	-0.708326237232603	-0.635774680964677	2.97223471108513	1.12290597993798	0.771205273012702	-0.723376603204909	-0.733001532475938	-0.7372648306716	1.1363207240424	-0.722988337065184	-0.750236317893038	-0.739720022866375	-0.749641708634414	2.9890621674292	0.835545883611644
chr11	4110988	C	0.808064255054076	-1.0676698301954	-1.26216601767341	0.660019787415788	0.76589056839566	0.794263735202806	0.612540489290379	-2.87911926131305	-1.03817952523414	-0.98496038930413	0.698312263039184	0.800924480953091	0.761406253890723	-1.04410170387845	0.785892263541438	0.791589027356818	0.780987795875063	0.782145872472891	-2.88360163497047	-1.03803922241801
chr11	4124677	C	0.807565609718947	-0.979284129552735	-1.18237492866158	0.642792366878417	0.764322497097482	0.794997047863346	0.613543537880487	-2.71808926089727	-0.957508995627821	-0.942599601456796	0.70496932860432	0.799836949969044	0.761071731489501	-0.960131085163408	0.782094881078467	0.788155101470556	0.780038473294948	0.780650721482088	-2.72049567411853	-0.95681951059485
chr11	4139413	C	-0.722204757379986	1.08534554062328	1.09283467489274	-0.713927801560772	-0.719798134499227	-0.721556748876422	-0.711915511289775	2.89024108929464	1.08400410541963	1.06529070276269	-0.716716677021036	-0.721753745636021	-0.719640310154982	1.08364897738564	-0.720960426769541	-0.721025761323742	-0.720704709574943	-0.720679049471955	2.89045387830913	1.08398712550569
chr11	4139426	G	-0.71699045039453	1.08653303796716	1.08146475728136	-0.713981387448466	-0.717057114904932	-0.716964425177992	-0.717158274525663	2.88959871772076	1.08619809205446	1.06516940633748	-0.717217774865291	-0.716983607520962	-0.717130644388245	1.08569847653848	-0.717038625819287	-0.717075475461724	-0.71708583206747	-0.717088907280442	2.88981358026929	1.08620944458684
chr11	4140742	A	-0.717363585724746	1.08561587216263	1.08171364193036	-0.713900801922346	-0.717295696327935	-0.71731381261391	-0.717025125896137	2.88812442805355	1.08528451258369	1.0650601775945	-0.71729221137757	-0.717336378438025	-0.717359008645657	1.08477543740212	-0.717331834507599	-0.717378098625036	-0.717371515236838	-0.7173730451823	2.88832418681215	1.08530144101229
chr11	4141532	T	-0.718667989153806	1.0779087771877	1.07480036247735	-0.710119030280781	-0.718477923977093	-0.718576140916844	-0.717620399510993	2.87400067519673	1.07758122182603	1.05791732817835	-0.718540204369189	-0.718621118383576	-0.718593298941792	1.07707297831749	-0.718420882376778	-0.71867548129138	-0.718654305663829	-0.718664737298319	2.87419921785572	1.07762331573882
chr11	4141701	C	-0.717265410716506	1.08605889533746	1.08255180397454	-0.714421090694412	-0.717194445718326	-0.717218048534353	-0.71694813919293	2.88898748993161	1.08577511543377	1.06604167215015	-0.717161620836538	-0.717240907731876	-0.717243675441939	1.08525303642948	-0.717247447615533	-0.717268309565667	-0.717262009791476	-0.717260287793109	2.88918659525958	1.08582703898261
chr11	4141949	G	-0.71881609984339	1.07703186293754	1.07422811075032	-0.709802274698528	-0.718599208831922	-0.718717611756608	-0.717637933485739	2.87244790619283	1.07673554588031	1.05731385751285	-0.718646564778533	-0.718766146355491	-0.718715463982206	1.07622387349138	-0.718539404889252	-0.71881345511603	-0.718789631779658	-0.718799621081045	2.87264253554694	1.07679224810723
chr11	4142088	T	-0.717608080725461	1.08028916983155	1.07564303328305	-0.71147649161865	-0.717775536229194	-0.717612041959347	-0.718144238495087	2.87810360843022	1.08015517747386	1.06042548242106	-0.71823287609713	-0.717628260959421	-0.717898984542483	1.07961736871314	-0.717595293654313	-0.717777684875332	-0.717804884846722	-0.717814044797612	2.8782980689549	1.08022232142411
chr11	4142629	A	-0.717479509264522	1.08515809235187	1.08228679447549	-0.714273697146543	-0.717355886219778	-0.717421447203123	-0.716929781014776	2.88752321370747	1.08494660627168	1.06573793436146	-0.717278777871569	-0.717450026198642	-0.717403726235102	1.08441535210714	-0.717418985380175	-0.717457404338395	-0.717446724896496	-0.717443149676531	2.88771115670962	1.0850314903278
chr11	4142987	C	-0.72154003391691	1.03879090166746	1.03788702500138	-0.689641444533441	-0.72092153456135	-0.721291192520032	-0.717758162675425	2.79865591297206	1.03849260013465	1.0202161198485	-0.72148312682356	-0.721422683515714	-0.721308964866359	1.03801943719759	-0.72037337205622	-0.721593769349129	-0.721527537748236	-0.721580893841548	2.79882817388938	1.03857269966437
chr11	4143502	C	-0.717764343904141	1.08464429492102	1.08261150507548	-0.714291407853717	-0.717530110304038	-0.717681819867129	-0.716734463515489	2.88671051031651	1.08442167425662	1.06574964898103	-0.717320739719986	-0.717716431907842	-0.717568394722387	1.08388897945042	-0.717637822347445	-0.717685305697729	-0.71766000632456	-0.717656063058027	2.88688620026116	1.08452543407147
chr11	4143779	A	-0.717034797670735	1.0858014598379	1.08253709724771	-0.714887759818437	-0.717064349094972	-0.717021725002557	-0.717150961928068	2.88853263292144	1.08569679204271	1.06690517200453	-0.717167292488009	-0.717035242965777	-0.717116658504622	1.08515789095508	-0.717068477847819	-0.717081934254204	-0.717091314765561	-0.717088860228612	2.88870440045524	1.08581923664653
chr11	4143838	C	-0.716886870397001	1.08598164515627	1.08244752021552	-0.714977886667632	-0.716973875845766	-0.716888795331765	-0.717250627461639	2.88879713519424	1.08590278578215	1.06708480655377	-0.717147068631901	-0.716897852583428	-0.717029898846575	1.08536314882013	-0.716953955822473	-0.71696208207964	-0.716979024981229	-0.716977003473729	2.88896794078815	1.08602997917029
chr11	4143850	G	-0.717383997489256	1.08534993229782	1.0827918441001	-0.714694990861031	-0.717277003672473	-0.717336376851628	-0.716912608816512	2.88786189818123	1.08519403182514	1.06656638938759	-0.717213969550485	-0.717359907604645	-0.717320085988794	1.0846666146757	-0.717338394920721	-0.717364024433494	-0.717355465537283	-0.717352048894428	2.88803222908739	1.08531900098848
chr11	4144873	A	-0.717332861392463	1.08316752698901	1.07997924528186	-0.713681937647463	-0.717404242415826	-0.717332123476735	-0.717560371888026	2.88363118092177	1.08312913032546	1.0648339332552	-0.717646502857318	-0.717343020985837	-0.717482051414596	1.08266849984345	-0.71733715247599	-0.717419901546211	-0.717435535894242	-0.717437269186105	2.88378252873857	1.08321441057346
chr11	4146736	T	-0.71893697274361	1.07199532433255	1.0698464338984	-0.708166835900738	-0.718881062208044	-0.718899947202082	-0.718349739584592	2.86286759978165	1.0720039951977	1.05476668843312	-0.719295037503277	-0.718924916939571	-0.719039917803006	1.07179678598084	-0.718663924312816	-0.719038774845913	-0.719042499407569	-0.71905601810198	2.86298243957742	1.07201125701421
chr11	4147532	A	-0.718767036492599	1.0763714219426	1.07529946193795	-0.710638488627793	-0.718558285100198	-0.718702250299825	-0.717654491551876	2.87130150117443	1.07632597804881	1.05960562312089	-0.71864362394822	-0.718726283536914	-0.718661236111641	1.07624165898597	-0.71849885734683	-0.718754385323127	-0.718736427283246	-0.718742597859523	2.87140218415619	1.07631282706492
chr11	4147579	A	-0.718124530610794	1.07909409664046	1.07733246685577	-0.712035711297104	-0.718063210875653	-0.718100295177836	-0.717704460093258	2.87622097967956	1.07910227627647	1.06225726224147	-0.718260370486217	-0.718110178735231	-0.718156187009786	1.07901671551677	-0.717984297760231	-0.718167309630953	-0.718167349431314	-0.718172058223721	2.87632126500059	1.07909119528847
chr11	4148004	G	-0.716869821279597	1.08521863266887	1.08278015920926	-0.715231823814702	-0.716986424681105	-0.716898325800812	-0.717365240963024	2.88734465231249	1.08528393469688	1.06847056331172	-0.717226481280043	-0.716886619564263	-0.717039845053179	1.08525901330057	-0.716940711345927	-0.716955710935223	-0.716975839967056	-0.716975493484178	2.88743799054029	1.08527576294332
chr11	4148006	G	-0.716975158937161	1.08565595500892	1.08365944748229	-0.715475987907559	-0.717005632242039	-0.716982674516976	-0.717119564989906	2.88824532422472	1.08568504404763	1.06895208597394	-0.717118619355085	-0.716976135769199	-0.717046712490321	1.08566532877162	-0.717010371938664	-0.717012866208498	-0.717021489579669	-0.717019630132246	2.88833868665708	1.08567586749019
chr11	4149618	A	-0.717117312114482	1.08481536271328	1.08335966913391	-0.715271464985163	-0.717134207352953	-0.71712068273239	-0.717191262758588	2.88670845495274	1.08483909222303	1.06895868045173	-0.7172453520675	-0.717115230592329	-0.717176161052848	1.08482069864759	-0.717128091930807	-0.717150627430116	-0.717157421610749	-0.717157009923058	2.8867865057943	1.08483063690114
chr11	4151366	G	-0.711804878434294	0.934554784744923	0.938738738895053	-0.633047145279534	-0.710485431745409	-0.711349180887911	-0.703310101691335	2.58038605346508	0.934318105175397	0.921385034155977	-0.712322376836406	-0.711592747187163	-0.711389908717919	0.934405306216649	-0.70898324591954	-0.712017147171256	-0.711926942078964	-0.71202268260423	2.5804312637821	0.934290908394384
chr11	4151391	T	-0.71187276703949	0.935592124927137	0.939520630563638	-0.633634637530644	-0.710607389385003	-0.711431334811546	-0.703621947971023	2.5825733298154	0.935375959424285	0.922396644227618	-0.712495674087235	-0.711670458882968	-0.711511251010203	0.935459943859139	-0.709091407973455	-0.712108138510638	-0.712024649609209	-0.712120233485793	2.58261844746438	0.935349487641854
chr11	4151936	G	-0.717257675291798	1.08407977878208	1.083435995653	-0.715195784043791	-0.71725067154836	-0.717254782174241	-0.717219193351571	2.88537243923832	1.08409188324199	1.06972206758211	-0.717336015037064	-0.717251026271739	-0.71728812379056	1.08407722246726	-0.717242241236769	-0.717278519286375	-0.717281901385338	-0.717282170698569	2.88543094475214	1.08408536503565
chr11	4156606	C	-0.712340213956514	0.933570435827863	0.941146088685573	-0.633770613101586	-0.710736008014487	-0.711825138155183	-0.702569916340691	2.57877151396026	0.933232525156253	0.92653638058325	-0.712184350160321	-0.712099263852383	-0.711564850387554	0.933348994194728	-0.709461928259204	-0.712381927691577	-0.712285160147017	-0.712345626346868	2.57879560757835	0.93321018648197
chr11	4156658	A	-0.71246637714171	0.933444082037011	0.941378767007205	-0.633725926635206	-0.710796037116442	-0.711934799338435	-0.702415012130062	2.5785874170406	0.933079626754004	0.926541472707125	-0.712160662408346	-0.712213414763146	-0.711618939918272	0.933200090093567	-0.709553210430323	-0.712474013797899	-0.712369178068588	-0.712428592198892	2.57861128863935	0.933056491320642
chr11	4156678	T	-0.712367298964658	0.933536880856943	0.941224556990903	-0.633771237531501	-0.710748766667751	-0.711848784202598	-0.702535674923363	2.57871987514889	0.933193403319182	0.926643035036392	-0.712178760879967	-0.712124018918845	-0.711575828180688	0.933310908097337	-0.709482563607854	-0.71240139365491	-0.712303217898695	-0.712362976228346	2.57874367694395	0.93317092008412
chr11	4157061	A	-0.715882094974346	1.08512310202766	1.08352585105016	-0.716291007487688	-0.716444131114165	-0.716022465343965	-0.718253155448251	2.88659310963664	1.08535549065799	1.07736328415202	-0.717200518209567	-0.715982626607827	-0.716509221756828	1.08531485908454	-0.716183378849058	-0.716181541744624	-0.716254714100172	-0.71626067093786	2.88662643151212	1.08535781281648
chr11	4157575	C	-0.717207238955624	0.967477397157773	0.973929256016356	-0.653141941543668	-0.715910940667841	-0.716791924223697	-0.709270323123059	2.65159893505205	0.967209701074789	0.961973613473302	-0.717109807709024	-0.717015862771001	-0.71658390175858	0.967304864656219	-0.714881873581298	-0.717245616080851	-0.717168825095461	-0.717215795442418	2.65162124133709	0.967191134329222
chr11	4157625	A	-0.712402393051482	0.933929229495689	0.941566238152369	-0.634203307710175	-0.710811819226374	-0.711893401532164	-0.702673284882258	2.57957681375592	0.933599502802441	0.928766103716853	-0.712265914514344	-0.712168487673747	-0.711631476805544	0.933718068733739	-0.709554979224467	-0.712445154051802	-0.712350250950781	-0.712407524030069	2.57959683789123	0.933577919181811
chr11	4157692	A	-0.712349683104748	0.933248555583365	0.941036841177531	-0.633839112768245	-0.710728203330579	-0.711832853509519	-0.702479508676306	2.57814023644535	0.932908033478814	0.928227541350892	-0.712155003591404	-0.712110662931155	-0.711548196048088	0.933028831660255	-0.7094804843842	-0.71237927626689	-0.712280877824551	-0.712337921151868	2.57815994946314	0.932886266599963
chr11	4157786	A	-0.712410159822975	0.933766259489571	0.941477609900704	-0.634155295959119	-0.710805929497425	-0.711898344374543	-0.702620786953375	2.57925556286317	0.933434355812729	0.928909958561663	-0.712246134440487	-0.712174735323499	-0.711624393489018	0.933554516078269	-0.709557611467669	-0.712446170661849	-0.712349789239919	-0.712406582308616	2.57927493050048	0.933413063745811
chr11	4157829	T	-0.712536234517211	0.93441972989763	0.942148827548741	-0.634540199973813	-0.710929984101805	-0.712024472954989	-0.702748647406712	2.58068697068347	0.934087039588861	0.929642971892531	-0.712355881871092	-0.71230046315091	-0.711744756882735	0.934207406825641	-0.709690520887942	-0.712568134518748	-0.712471187058249	-0.712527601099111	2.58070620077222	0.934065833543157
chr11	4157846	G	-0.711981200070085	0.931128536797227	0.938944736532796	-0.632671926617775	-0.710352451457463	-0.711461999266016	-0.702046945944083	2.57354545626567	0.930793358484555	0.926404422969496	-0.71180891118674	-0.711742490561896	-0.711181367125373	0.930915687760296	-0.709089541678462	-0.712016142932823	-0.711918169612636	-0.711975563324644	2.57356442314466	0.930771977949398
chr11	4158681	A	-0.711686785039705	0.92877351910798	0.936857437307466	-0.631639332298925	-0.710024916799102	-0.711161670423075	-0.701577371012367	2.56874468648766	0.928534884815472	0.925725007699895	-0.711475026463688	-0.71144778829546	-0.710856809352801	0.92866045268976	-0.708772696355943	-0.711712320335754	-0.711612384203846	-0.711667287155113	2.56876009217685	0.928516191782778
chr11	4159249	A	-0.717605453446417	1.08274990010597	1.08453783828983	-0.715555091430758	-0.717493427514732	-0.717575834837098	-0.717085057357569	2.883005938081	1.08271714935496	1.07985310674317	-0.717428921196616	-0.717583534459847	-0.717509923491081	1.0827186654884	-0.717521531682088	-0.717566806255131	-0.717555780939585	-0.71755569156534	2.88302791235509	1.08271277026845
chr11	4159512	C	-0.712400999627081	0.932636764073304	0.940688138375736	-0.634147551473656	-0.710775282192934	-0.711890686440358	-0.702506242330081	2.57741533434016	0.932507548721586	0.931219889959788	-0.712192686013088	-0.712172097328414	-0.711585970443488	0.932630640173811	-0.70956359815139	-0.712425357536275	-0.712328781490906	-0.712379697906344	2.57742749530188	0.932492836688891
chr11	4159576	G	-0.718099083294436	0.973994315576804	0.980439830147199	-0.657420139320959	-0.716857777535405	-0.717708578825982	-0.710511764778939	2.66591203120013	0.973908743422154	0.972454092154726	-0.717982516488989	-0.717924882319139	-0.717489333998605	0.974001813124341	-0.71591398994126	-0.718128166067473	-0.718055960951424	-0.718095379199567	2.6659259913807	0.973897199030881
chr11	4160767	C	-0.717390987639425	1.08396741812141	1.08576316978982	-0.716388374619286	-0.717284755058858	-0.717364551888204	-0.716935050875285	2.8852228999725	1.08392947282117	1.08310611331304	-0.717179896508214	-0.717369299658124	-0.717288381432999	1.08393134914407	-0.717335412621361	-0.717343471743697	-0.717331690510972	-0.717330749138428	2.88523946993203	1.0839265781886
chr11	4161449	A	-0.720804715874814	1.0089513049606	1.01358556899477	-0.677046827128475	-0.719990308692879	-0.720547887789521	-0.715661446252497	2.73868087224177	1.00893167085419	1.00846824695171	-0.72091196236575	-0.720697296812281	-0.720448443013459	1.00899752890441	-0.71927570230114	-0.720869648976225	-0.720828395169951	-0.720855467073699	2.73869166494309	1.00893020476507
chr11	4163009	A	-0.712328964809414	0.929628012331973	0.938477708911236	-0.633333634764172	-0.710553658648689	-0.711795634162496	-0.701747793410623	2.57127147958659	0.929455711252393	0.929667331954513	-0.711797865848754	-0.712084825020705	-0.711327925841513	0.929601785213333	-0.709414808073927	-0.712280557963038	-0.712167308526789	-0.712209128499338	2.57127731002798	0.929458173801426
chr11	4164110	C	-0.717068241915595	1.08393963395369	1.08502990094676	-0.716626886038827	-0.717112122784713	-0.717080182565329	-0.717251753241397	2.88497829364404	1.08395788407388	1.08306028664187	-0.717191201759884	-0.717074961377318	-0.717125934436846	1.08395279811741	-0.717092843643212	-0.71709698655349	-0.717103640959805	-0.717103956233889	2.88498851423058	1.08395890640182
chr11	4165583	A	-0.719017685115692	0.982298404898401	0.98829513779788	-0.66317847175919	-0.717887995013591	-0.718676600704793	-0.712072357466983	2.68351481062555	0.982231929381693	0.9820888694785	-0.718955413974389	-0.718876569701961	-0.718442503808193	0.982326490569035	-0.717031016379099	-0.719055715133354	-0.718994181154968	-0.719020456240722	2.6835196864437	0.982236416521259
chr11	4166188	A	-0.717296742766041	1.08335087689841	1.0847859198753	-0.716494871362688	-0.717268167621686	-0.717290424194273	-0.717166884168875	2.88397156172456	1.08334137617624	1.08265592344442	-0.71726709352654	-0.717290610541053	-0.717278460631668	1.08334080437294	-0.717274564211431	-0.71729089411237	-0.717288901434109	-0.717288588416147	2.88397919830094	1.08334152935431
chr11	4169047	G	-0.716880241990086	1.07496170893128	1.07251927029977	-0.712418192290262	-0.717612289746824	-0.71705757878157	-0.719737278539534	2.86754808741409	1.07530217132714	1.07419877045897	-0.718838529418667	-0.717028002355138	-0.717755630316123	1.0752600997737	-0.717118282304003	-0.717337774913345	-0.717436624843495	-0.71744738921125	2.86755301211144	1.07531368762044
chr11	4169344	C	-0.717238264520772	1.08361233875827	1.08502218585932	-0.716876360663849	-0.717211885193255	-0.717232765379361	-0.717133345158529	2.88443478102522	1.08360155463521	1.08328968401045	-0.717199520900371	-0.717232844122659	-0.717218688425162	1.08360056348562	-0.717224171920787	-0.717230054607971	-0.717227736060948	-0.717227304566455	2.88443965725256	1.08360145417234
chr11	4173901	G	-0.718879283702739	1.07815798356227	1.08152859194609	-0.714503334687327	-0.718438529804245	-0.718766861564357	-0.716905475129918	2.87485584388553	1.078002300837	1.07818570619864	-0.718049696251839	-0.718802012095197	-0.718444946349651	1.078028758662	-0.718565663055328	-0.718690686612783	-0.718643104391527	-0.718640319833106	2.87485912495425	1.07799750646428
chr11	4174384	C	-0.717447306112413	1.08239044697646	1.08381517602383	-0.716540446339064	-0.717409850284531	-0.717438274598573	-0.717275836908286	2.88220014761525	1.08237846168767	1.08220165314304	-0.717408652832017	-0.717442287672052	-0.717421334037673	1.08238059254158	-0.717412616317635	-0.71743974231732	-0.717436684369769	-0.71743661699114	2.88220347030274	1.08237749849698
chr11	4177048	A	-0.717330033474656	1.08178609996043	1.08266060554741	-0.716330105876446	-0.717400007610328	-0.717347334844461	-0.717597046033628	2.88097404302485	1.08181967823945	1.08159645331443	-0.71754953890663	-0.71734658504658	-0.717423898321178	1.08181704384442	-0.717343819022524	-0.717383006449803	-0.717393177645359	-0.717394286743036	2.88097739856321	1.08181925323612
chr11	4178320	C	-0.712709332736517	0.931993287492932	0.939672732782302	-0.636968842826935	-0.711114895222677	-0.712233181860265	-0.703179723874624	2.57657597871064	0.931906518157147	0.933223481783366	-0.712585556620516	-0.712563515247885	-0.711805662392424	0.932034449232283	-0.71008342511052	-0.712747339178017	-0.712672194698979	-0.712682443988201	2.57657761466456	0.93191499142759
chr11	4178518	T	-0.717330318193842	1.08302380753293	1.08434435274554	-0.717032704926078	-0.717311017883132	-0.717326459047845	-0.717257419758116	2.88335422612868	1.08301383234645	1.08290633604744	-0.717304764111764	-0.717327766849757	-0.717316726117925	1.08301646437364	-0.717318841285015	-0.71732537663997	-0.717323584827982	-0.717323478586357	2.88335756745339	1.08301237428561
chr11	4183635	G	-0.721172835818481	1.05412908877393	1.05738861514879	-0.703024839573133	-0.720683734437137	-0.721033667822536	-0.718476609788881	2.82930100491036	1.05406486830698	1.05455206412736	-0.720903516222171	-0.721119322291914	-0.720834502297149	1.0540983540981	-0.720507316781903	-0.721123967376422	-0.721095312833845	-0.721091957912681	2.82930384084224	1.05406368987634
chr11	4185242	C	-0.717328435651277	1.08257280326485	1.08361131658569	-0.717159598525544	-0.717358264090678	-0.71733692314724	-0.717461439015774	2.88249465178	1.08258282569751	1.082537688528	-0.717412980512481	-0.717335138643241	-0.717368081854579	1.0825816339184	-0.717342338680934	-0.717349471077893	-0.717353381489876	-0.717353181833496	2.88249790880504	1.08258363011444
chr11	4209116	C	-0.716649468307612	1.08191785271139	1.08087734054905	-0.717045457731846	-0.717054577248017	-0.71675010893961	-0.718336545765704	2.8808525761229	1.08208920441528	1.08172994359429	-0.717576920733591	-0.716733202764943	-0.717095015143307	1.08205968265747	-0.716855421465394	-0.716876103552173	-0.716919797325012	-0.71692287926691	2.88085528513294	1.08209860776783
chr11	4211694	C	-0.721405962240055	1.04873283642388	1.05149567701557	-0.701084339466321	-0.720909623694246	-0.721263304192377	-0.718675708271444	2.81880635668884	1.04871815994869	1.04965965686534	-0.721263968733133	-0.721368307117039	-0.721040195670589	1.04871944893783	-0.720752660456167	-0.721376916635767	-0.721363350914918	-0.72133514383125	2.81880910363217	1.04870635558847
chr11	4228604	T	-0.717958195892698	1.0782928604123	1.07816493169568	-0.715443803186678	-0.717974226286033	-0.717959556984021	-0.717946356951329	2.87461333510443	1.07833571967322	1.07840302933297	-0.718122064366249	-0.717970961599229	-0.717994679172368	1.07832405021202	-0.717920579846766	-0.717999131199443	-0.718007045958692	-0.718000109331999	2.87461432175925	1.07832735167847
chr11	4229176	C	-0.717460030218623	1.08238433798391	1.08254715681129	-0.71734825925339	-0.717422457334695	-0.717450890151168	-0.717303403586078	2.88220458101253	1.08235711313575	1.08240720849545	-0.717375895914067	-0.717452132676217	-0.717419030257465	1.08237848866238	-0.717437830551702	-0.717439896423496	-0.717436124112592	-0.717434256269404	2.88220556903793	1.08237474593719
chr11	4229195	T	-0.717294588968556	1.08233352487391	1.0820765534639	-0.717313696941896	-0.717344738672572	-0.717306915195991	-0.717502815175976	2.8820155173917	1.08234260263977	1.08232595292627	-0.717407221823914	-0.717305264840515	-0.717349001943971	1.08235805103779	-0.717318402295316	-0.717323477024864	-0.717328515173455	-0.717327238729801	2.88201650422164	1.08236064259535
chr11	4230918	G	-0.71746152556675	1.08144164857988	1.08110229807799	-0.716916991065883	-0.717498511076388	-0.717470037661791	-0.717597933465591	2.88039668917889	1.08145675069319	1.08268512789663	-0.717572564778443	-0.717471513761131	-0.71750566662541	1.08146509080108	-0.717469359597226	-0.717489888715877	-0.717495165003928	-0.717492121270156	2.88039760722138	1.08146739632723
chr11	4237235	A	-0.721748405858113	1.04110405809463	1.04247488390583	-0.697760835952276	-0.721166316548926	-0.721585568598009	-0.718657296256422	2.80386608278136	1.04155798012763	1.04649864227592	-0.721665766023693	-0.721719430549821	-0.721288254577822	1.04107024911134	-0.721064705858673	-0.72171489597185	-0.721725322676371	-0.721651959123584	2.80386675561805	1.0410676196384
chr11	4238100	A	-0.721821350545507	1.0417264814164	1.04327834367677	-0.698084416727267	-0.721199865353889	-0.721649325030304	-0.71858135273166	2.80514156548669	1.04218208899737	1.04744572656614	-0.721639727803164	-0.721782986149825	-0.721316345536524	1.04167516030997	-0.721124981076818	-0.721762510813849	-0.721768610346767	-0.721694930092209	2.80514221912702	1.0416707481279
chr11	4246351	T	-0.718949226465387	1.06376724881803	1.06120590523783	-0.708713481310171	-0.719257198776943	-0.719015467297836	-0.719946164583569	2.84695504055902	1.06434990292455	1.06993050808192	-0.720227447583086	-0.719064443974966	-0.719363115454411	1.06394584867342	-0.718954664370266	-0.719265749124473	-0.71932708399948	-0.71929142137096	2.84695484734137	1.06399508459895
chr11	4246985	C	-0.72186241985256	1.03956862844113	1.04098354718992	-0.697138005522833	-0.721222240520895	-0.721687442951938	-0.718582824627298	2.80086384619311	1.04034530403625	1.04700551836654	-0.721761035825644	-0.721831572543912	-0.721348247767501	1.03950486377213	-0.72117812527265	-0.721816258412615	-0.721828444589668	-0.721743924161626	2.80086360108706	1.03951760677501
chr11	4261375	C	-0.717638068329234	1.08235924222939	1.08134796687403	-0.717379837480979	-0.717553730888901	-0.717620370096185	-0.717294554120319	2.88230157976689	1.0823375409319	1.09085277781161	-0.717466393196404	-0.717624629735558	-0.71754541516737	1.08233925922684	-0.717596908274335	-0.717597702765546	-0.717590336785481	-0.717587733677899	2.88230064816451	1.08233110947965
chr11	4273327	A	-0.71748998505071	1.08314846933535	1.07113452693635	-0.717452816732019	-0.717534304383173	-0.717512613884891	-0.717646698622903	2.88384917757021	1.08318330990667	1.09251136695371	-0.717620322329841	-0.717516141358348	-0.717541972275791	1.08282843184147	-0.717524362917971	-0.717537878801572	-0.717541414640467	-0.717538290533315	2.8838500136995	1.08317374830145
chr11	4283717	C	0.723305925801056	-1.13436308536338	0.391002504718355	0.722192537943793	0.724117258638494	0.724647571332177	0.715023785403804	-2.98244332349933	-1.12549857487287	-1.13477872226363	0.725141511778513	0.722032261450973	0.722741508082841	0.398756823483037	0.724168771780795	0.724926084203377	0.72525613695486	0.724917882128083	-2.98355461201417	-1.12983121444587
chr11	4284110	A	0.706237938209615	-1.13746775583299	0.595652781610333	0.705812809575507	0.706570138799966	0.706604557098413	0.70384245610807	-2.979722300481	-1.13457295594646	-1.13812281113844	0.706802780689424	0.705849098799315	0.705915612006191	0.607536326246621	0.7064593768528	0.706726760578703	0.706821270369445	0.706705521359908	-2.98068242520193	-1.13757808698804
chr11	4285090	T	0.702362121719297	-1.09344239124296	0.68301478556613	0.697524294299333	0.702114084863477	0.702238472881068	0.705623907558537	-2.88620804853066	-1.11056331212039	-1.09309126755456	0.703506240655436	0.702819532634455	0.702624868648311	0.698497191548207	0.702379306243047	0.703382470543293	0.703008130041181	0.703040717013211	-2.88647038822882	-1.09250637666818
chr11	4286016	T	0.699775158667743	-1.1323733533382	0.68152514506276	0.698969056955103	0.699401708463246	0.699738393381	0.698994878787967	-2.96261721660214	-1.13300772192703	-1.13170331100688	0.699604459445676	0.699707961746524	0.69922373053996	0.698023583694863	0.699644087073396	0.699647740979873	0.69969455525308	0.699694109037913	-2.96273608057672	-1.13151780333308
chr11	4288936	T	0.704205562372112	-1.06489195519233	0.680614131654312	0.693855897084982	0.702091793786214	0.70366287777724	0.702672362735192	-2.82464038256282	-1.09235594832853	-1.06395453344797	0.703879556067487	0.704018616681109	0.703071407322066	0.701194225915092	0.703163424553717	0.704010346091626	0.703974057060578	0.704119805248199	-2.82471231392357	-1.06104334599837
chr11	4301371	G	0.69985619371054	-1.13324578855016	0.681703519022138	0.698853516369749	0.699224998439284	0.699797285835999	0.69797748797702	-2.96384339307139	-1.13309050325763	-1.13255136349546	0.699361423882248	0.699657950018314	0.698965370237459	0.698102631814313	0.699582683406617	0.69944464302069	0.69958332034488	0.699604186443871	-2.96401128668677	-1.13232383774555
chr11	4310171	G	0.699460712035304	-1.14963217168924	0.683276062164663	0.699050487245082	0.699341868085998	0.699515748302642	0.700004249261038	-2.96004593164658	-1.13251962157581	-1.13054269257906	0.699715088082926	0.699608784690716	0.699066092237245	0.698763370123776	0.699540454631735	0.699693513510634	0.699621195744159	0.699632850004537	-2.96038253425801	-1.13081545453412
chr11	4330042	T	0.703486978180506	-1.1568477701791	0.682918236768561	0.696526637771342	0.701877076192853	0.703341497826339	0.702269244837533	-2.87170586241825	-1.10902175530288	-1.08736099376939	0.703480102115801	0.703604529555106	0.702147736240715	0.70132652189276	0.702952651652309	0.703503512512365	0.703555382703862	0.703658153294166	-2.87249925843681	-1.08530003126304
chr11	4908477	T	-0.293698241604325	-0.294461197672448	-0.293331263797672	-0.293939142561022	-0.293807178803069	-0.29370883060349	-0.294250826618005	-0.29369277528157	-0.293947146530698	-0.294505867369212	-0.293699203192457	3.36836577785274	-0.293363763923421	-0.293657082315656	-0.293440814858647	3.3681044269404	-0.293675470333168	-0.293422447334108	-0.293827451123246	-0.293726112866148
chr11	4941705	T	-0.292680583462415	-0.289008684441744	-0.30237138568253	-0.293639637436384	-0.291256419906468	-0.291077880217415	-0.293008497362856	-0.292472292904114	-0.291666243529161	-0.289279989445158	-0.299084404879111	3.32727773853239	-0.301241745765604	-0.291662556511874	-0.301127933819991	3.32978949842817	-0.298338089041471	-0.298158082651128	-0.291667308295633	-0.292380597639822
chr11	4944016	A	-0.294381155398118	-0.294288808443145	-0.294580056104792	-0.294395488837671	-0.294345402232575	-0.294348233109177	-0.294381100326344	-0.294372741377866	-0.294356447049996	-0.294300447382071	-0.294479679561128	3.32738614985764	-0.294552436829388	-0.294358415705738	-0.294551973204904	3.32740825317296	-0.294498419890928	-0.294495312215775	-0.294354134318934	-0.294371410421637
chr11	4945582	T	-0.294388093312926	-0.294289621119147	-0.294594426255314	-0.294401916294017	-0.29434950591134	-0.29435416786634	-0.294385081382357	-0.294378988995556	-0.294361729233626	-0.29430118946834	-0.294490388246952	3.32729395308938	-0.294566396850457	-0.294365184294088	-0.294564980537536	3.32731874012395	-0.294508490258503	-0.294506985206978	-0.294360183936457	-0.294378066461694
chr11	4949541	A	-0.294831753988976	-0.294247992744046	-0.293973185399548	-0.294325815983877	-0.294500371227011	-0.295025630249071	-0.29406469820379	-0.294695445200188	-0.294610042844029	-0.2942099490129	-0.293378844746762	3.32707832324724	-0.294080159497328	-0.294969723718205	-0.293984591287535	3.32672017621882	-0.294095390998417	-0.294442401235696	-0.294795953134796	-0.294773374918677
chr11	4971995	G	-0.295800206685044	-0.295691183262234	-0.294925588985048	-0.295508807603391	-0.295707988025476	-0.295974192460975	-0.295412167886594	-0.295745404206142	-0.295742110182873	-0.295658477641009	-0.294795732224846	3.3243360204666	-0.295034169364629	-0.295920301050953	-0.294991758310906	3.32405396555241	-0.295176797684167	-0.295356327427761	-0.295835838722046	-0.295790903677773
